test_case,start_time,end_time,latency,input_text,prediction,ground_truth
0,2024-10-23T12:15:26.364603,2024-10-23T12:15:26.448537,0.083934,Donald Trump won the election,REAL,negative
0,2024-10-23T12:15:26.448629,2024-10-23T12:15:26.550638,0.102009,World War III is coming,FAKE,negative
0,2024-10-23T12:15:26.550699,2024-10-23T12:15:26.622616,0.071917,Obama was a US president,REAL,postive
0,2024-10-23T12:15:26.622676,2024-10-23T12:15:26.690712,0.068036,The Olympic Games are held every 4 years,REAL,positive
1,2024-10-23T12:15:26.690776,2024-10-23T12:15:26.772874,0.082098,Donald Trump won the election,REAL,negative
1,2024-10-23T12:15:26.772942,2024-10-23T12:15:26.869914,0.096972,World War III is coming,FAKE,negative
1,2024-10-23T12:15:26.869977,2024-10-23T12:15:26.957084,0.087107,Obama was a US president,REAL,postive
1,2024-10-23T12:15:26.957165,2024-10-23T12:15:27.030040,0.072875,The Olympic Games are held every 4 years,REAL,positive
2,2024-10-23T12:15:27.030104,2024-10-23T12:15:27.108192,0.078088,Donald Trump won the election,REAL,negative
2,2024-10-23T12:15:27.108268,2024-10-23T12:15:27.202203,0.093935,World War III is coming,FAKE,negative
2,2024-10-23T12:15:27.202263,2024-10-23T12:15:27.272259,0.069996,Obama was a US president,REAL,postive
2,2024-10-23T12:15:27.272323,2024-10-23T12:15:27.342406,0.070083,The Olympic Games are held every 4 years,REAL,positive
3,2024-10-23T12:15:27.342473,2024-10-23T12:15:27.411537,0.069064,Donald Trump won the election,REAL,negative
3,2024-10-23T12:15:27.411604,2024-10-23T12:15:27.480653,0.069049,World War III is coming,FAKE,negative
3,2024-10-23T12:15:27.480720,2024-10-23T12:15:27.548669,0.067949,Obama was a US president,REAL,postive
3,2024-10-23T12:15:27.548732,2024-10-23T12:15:27.623770,0.075038,The Olympic Games are held every 4 years,REAL,positive
4,2024-10-23T12:15:27.623836,2024-10-23T12:15:27.690741,0.066905,Donald Trump won the election,REAL,negative
4,2024-10-23T12:15:27.690801,2024-10-23T12:15:27.759820,0.069019,World War III is coming,FAKE,negative
4,2024-10-23T12:15:27.759887,2024-10-23T12:15:27.828882,0.068995,Obama was a US president,REAL,postive
4,2024-10-23T12:15:27.828944,2024-10-23T12:15:27.906996,0.078052,The Olympic Games are held every 4 years,REAL,positive
5,2024-10-23T12:15:27.907063,2024-10-23T12:15:27.974096,0.067033,Donald Trump won the election,REAL,negative
5,2024-10-23T12:15:27.974156,2024-10-23T12:15:28.045042,0.070886,World War III is coming,FAKE,negative
5,2024-10-23T12:15:28.045105,2024-10-23T12:15:28.134343,0.089238,Obama was a US president,REAL,postive
5,2024-10-23T12:15:28.134435,2024-10-23T12:15:28.249318,0.114883,The Olympic Games are held every 4 years,REAL,positive
6,2024-10-23T12:15:28.249382,2024-10-23T12:15:28.330447,0.081065,Donald Trump won the election,REAL,negative
6,2024-10-23T12:15:28.330518,2024-10-23T12:15:28.402467,0.071949,World War III is coming,FAKE,negative
6,2024-10-23T12:15:28.402532,2024-10-23T12:15:28.473574,0.071042,Obama was a US president,REAL,postive
6,2024-10-23T12:15:28.473634,2024-10-23T12:15:28.544654,0.07102,The Olympic Games are held every 4 years,REAL,positive
7,2024-10-23T12:15:28.544719,2024-10-23T12:15:28.617655,0.072936,Donald Trump won the election,REAL,negative
7,2024-10-23T12:15:28.617717,2024-10-23T12:15:28.690796,0.073079,World War III is coming,FAKE,negative
7,2024-10-23T12:15:28.690859,2024-10-23T12:15:28.766839,0.07598,Obama was a US president,REAL,postive
7,2024-10-23T12:15:28.766903,2024-10-23T12:15:28.848012,0.081109,The Olympic Games are held every 4 years,REAL,positive
8,2024-10-23T12:15:28.848092,2024-10-23T12:15:28.940146,0.092054,Donald Trump won the election,REAL,negative
8,2024-10-23T12:15:28.940224,2024-10-23T12:15:29.012234,0.07201,World War III is coming,FAKE,negative
8,2024-10-23T12:15:29.012307,2024-10-23T12:15:29.082145,0.069838,Obama was a US president,REAL,postive
8,2024-10-23T12:15:29.082206,2024-10-23T12:15:29.159310,0.077104,The Olympic Games are held every 4 years,REAL,positive
9,2024-10-23T12:15:29.159384,2024-10-23T12:15:29.251440,0.092056,Donald Trump won the election,REAL,negative
9,2024-10-23T12:15:29.251510,2024-10-23T12:15:29.323360,0.07185,World War III is coming,FAKE,negative
9,2024-10-23T12:15:29.323419,2024-10-23T12:15:29.410551,0.087132,Obama was a US president,REAL,postive
9,2024-10-23T12:15:29.410618,2024-10-23T12:15:29.485672,0.075054,The Olympic Games are held every 4 years,REAL,positive
10,2024-10-23T12:15:29.485739,2024-10-23T12:15:29.558684,0.072945,Donald Trump won the election,REAL,negative
10,2024-10-23T12:15:29.558758,2024-10-23T12:15:29.628771,0.070013,World War III is coming,FAKE,negative
10,2024-10-23T12:15:29.628859,2024-10-23T12:15:29.697828,0.068969,Obama was a US president,REAL,postive
10,2024-10-23T12:15:29.697893,2024-10-23T12:15:29.772923,0.07503,The Olympic Games are held every 4 years,REAL,positive
11,2024-10-23T12:15:29.772994,2024-10-23T12:15:29.851969,0.078975,Donald Trump won the election,REAL,negative
11,2024-10-23T12:15:29.852057,2024-10-23T12:15:29.934076,0.082019,World War III is coming,FAKE,negative
11,2024-10-23T12:15:29.934139,2024-10-23T12:15:30.004101,0.069962,Obama was a US president,REAL,postive
11,2024-10-23T12:15:30.004169,2024-10-23T12:15:30.073243,0.069074,The Olympic Games are held every 4 years,REAL,positive
12,2024-10-23T12:15:30.073305,2024-10-23T12:15:30.139228,0.065923,Donald Trump won the election,REAL,negative
12,2024-10-23T12:15:30.139287,2024-10-23T12:15:30.244428,0.105141,World War III is coming,FAKE,negative
12,2024-10-23T12:15:30.244493,2024-10-23T12:15:30.315460,0.070967,Obama was a US president,REAL,postive
12,2024-10-23T12:15:30.315527,2024-10-23T12:15:30.383482,0.067955,The Olympic Games are held every 4 years,REAL,positive
13,2024-10-23T12:15:30.383543,2024-10-23T12:15:30.457639,0.074096,Donald Trump won the election,REAL,negative
13,2024-10-23T12:15:30.457710,2024-10-23T12:15:30.547856,0.090146,World War III is coming,FAKE,negative
13,2024-10-23T12:15:30.547918,2024-10-23T12:15:30.620707,0.072789,Obama was a US president,REAL,postive
13,2024-10-23T12:15:30.620771,2024-10-23T12:15:30.693819,0.073048,The Olympic Games are held every 4 years,REAL,positive
14,2024-10-23T12:15:30.693882,2024-10-23T12:15:30.812917,0.119035,Donald Trump won the election,REAL,negative
14,2024-10-23T12:15:30.812980,2024-10-23T12:15:30.878976,0.065996,World War III is coming,FAKE,negative
14,2024-10-23T12:15:30.879033,2024-10-23T12:15:30.948075,0.069042,Obama was a US president,REAL,postive
14,2024-10-23T12:15:30.948139,2024-10-23T12:15:31.021150,0.073011,The Olympic Games are held every 4 years,REAL,positive
15,2024-10-23T12:15:31.021235,2024-10-23T12:15:31.090325,0.06909,Donald Trump won the election,REAL,negative
15,2024-10-23T12:15:31.090389,2024-10-23T12:15:31.164349,0.07396,World War III is coming,FAKE,negative
15,2024-10-23T12:15:31.164421,2024-10-23T12:15:31.232439,0.068018,Obama was a US president,REAL,postive
15,2024-10-23T12:15:31.232516,2024-10-23T12:15:31.312638,0.080122,The Olympic Games are held every 4 years,REAL,positive
16,2024-10-23T12:15:31.312715,2024-10-23T12:15:31.379561,0.066846,Donald Trump won the election,REAL,negative
16,2024-10-23T12:15:31.379620,2024-10-23T12:15:31.450712,0.071092,World War III is coming,FAKE,negative
16,2024-10-23T12:15:31.450795,2024-10-23T12:15:31.517609,0.066814,Obama was a US president,REAL,postive
16,2024-10-23T12:15:31.517667,2024-10-23T12:15:31.594839,0.077172,The Olympic Games are held every 4 years,REAL,positive
17,2024-10-23T12:15:31.594904,2024-10-23T12:15:31.663857,0.068953,Donald Trump won the election,REAL,negative
17,2024-10-23T12:15:31.663917,2024-10-23T12:15:31.742881,0.078964,World War III is coming,FAKE,negative
17,2024-10-23T12:15:31.742943,2024-10-23T12:15:31.812926,0.069983,Obama was a US president,REAL,postive
17,2024-10-23T12:15:31.812985,2024-10-23T12:15:31.887027,0.074042,The Olympic Games are held every 4 years,REAL,positive
18,2024-10-23T12:15:31.887085,2024-10-23T12:15:31.966050,0.078965,Donald Trump won the election,REAL,negative
18,2024-10-23T12:15:31.966108,2024-10-23T12:15:32.044186,0.078078,World War III is coming,FAKE,negative
18,2024-10-23T12:15:32.044321,2024-10-23T12:15:32.142304,0.097983,Obama was a US president,REAL,postive
18,2024-10-23T12:15:32.142363,2024-10-23T12:15:32.226483,0.08412,The Olympic Games are held every 4 years,REAL,positive
19,2024-10-23T12:15:32.226566,2024-10-23T12:15:32.295482,0.068916,Donald Trump won the election,REAL,negative
19,2024-10-23T12:15:32.295548,2024-10-23T12:15:32.365592,0.070044,World War III is coming,FAKE,negative
19,2024-10-23T12:15:32.365658,2024-10-23T12:15:32.435665,0.070007,Obama was a US president,REAL,postive
19,2024-10-23T12:15:32.435728,2024-10-23T12:15:32.508664,0.072936,The Olympic Games are held every 4 years,REAL,positive
20,2024-10-23T12:15:32.508725,2024-10-23T12:15:32.581711,0.072986,Donald Trump won the election,REAL,negative
20,2024-10-23T12:15:32.581771,2024-10-23T12:15:32.651813,0.070042,World War III is coming,FAKE,negative
20,2024-10-23T12:15:32.651872,2024-10-23T12:15:32.736946,0.085074,Obama was a US president,REAL,postive
20,2024-10-23T12:15:32.737009,2024-10-23T12:15:32.804987,0.067978,The Olympic Games are held every 4 years,REAL,positive
21,2024-10-23T12:15:32.805050,2024-10-23T12:15:32.872972,0.067922,Donald Trump won the election,REAL,negative
21,2024-10-23T12:15:32.873030,2024-10-23T12:15:32.939151,0.066121,World War III is coming,FAKE,negative
21,2024-10-23T12:15:32.939211,2024-10-23T12:15:33.011273,0.072062,Obama was a US president,REAL,postive
21,2024-10-23T12:15:33.011335,2024-10-23T12:15:33.079207,0.067872,The Olympic Games are held every 4 years,REAL,positive
22,2024-10-23T12:15:33.079266,2024-10-23T12:15:33.155468,0.076202,Donald Trump won the election,REAL,negative
22,2024-10-23T12:15:33.155531,2024-10-23T12:15:33.228594,0.073063,World War III is coming,FAKE,negative
22,2024-10-23T12:15:33.228674,2024-10-23T12:15:33.298805,0.070131,Obama was a US president,REAL,postive
22,2024-10-23T12:15:33.298882,2024-10-23T12:15:34.398707,1.099825,The Olympic Games are held every 4 years,REAL,positive
23,2024-10-23T12:15:34.398784,2024-10-23T12:15:34.471940,0.073156,Donald Trump won the election,REAL,negative
23,2024-10-23T12:15:34.472198,2024-10-23T12:15:34.543964,0.071766,World War III is coming,FAKE,negative
23,2024-10-23T12:15:34.544032,2024-10-23T12:15:34.610982,0.06695,Obama was a US president,REAL,postive
23,2024-10-23T12:15:34.611057,2024-10-23T12:15:34.683012,0.071955,The Olympic Games are held every 4 years,REAL,positive
24,2024-10-23T12:15:34.683078,2024-10-23T12:15:34.790117,0.107039,Donald Trump won the election,REAL,negative
24,2024-10-23T12:15:34.790187,2024-10-23T12:15:34.857075,0.066888,World War III is coming,FAKE,negative
24,2024-10-23T12:15:34.857138,2024-10-23T12:15:34.925133,0.067995,Obama was a US president,REAL,postive
24,2024-10-23T12:15:34.925198,2024-10-23T12:15:35.009205,0.084007,The Olympic Games are held every 4 years,REAL,positive
25,2024-10-23T12:15:35.009299,2024-10-23T12:15:35.078259,0.06896,Donald Trump won the election,REAL,negative
25,2024-10-23T12:15:35.078317,2024-10-23T12:15:35.146349,0.068032,World War III is coming,FAKE,negative
25,2024-10-23T12:15:35.146409,2024-10-23T12:15:35.213456,0.067047,Obama was a US president,REAL,postive
25,2024-10-23T12:15:35.213514,2024-10-23T12:15:35.284536,0.071022,The Olympic Games are held every 4 years,REAL,positive
26,2024-10-23T12:15:35.284598,2024-10-23T12:15:35.350635,0.066037,Donald Trump won the election,REAL,negative
26,2024-10-23T12:15:35.350696,2024-10-23T12:15:35.416680,0.065984,World War III is coming,FAKE,negative
26,2024-10-23T12:15:35.416752,2024-10-23T12:15:35.483815,0.067063,Obama was a US president,REAL,postive
26,2024-10-23T12:15:35.483875,2024-10-23T12:15:35.562830,0.078955,The Olympic Games are held every 4 years,REAL,positive
27,2024-10-23T12:15:35.562895,2024-10-23T12:15:35.630322,0.067427,Donald Trump won the election,REAL,negative
27,2024-10-23T12:15:35.630388,2024-10-23T12:15:35.699992,0.069604,World War III is coming,FAKE,negative
27,2024-10-23T12:15:35.700057,2024-10-23T12:15:35.767012,0.066955,Obama was a US president,REAL,postive
27,2024-10-23T12:15:35.767073,2024-10-23T12:15:35.840138,0.073065,The Olympic Games are held every 4 years,REAL,positive
28,2024-10-23T12:15:35.840206,2024-10-23T12:15:35.907483,0.067277,Donald Trump won the election,REAL,negative
28,2024-10-23T12:15:35.907547,2024-10-23T12:15:35.975253,0.067706,World War III is coming,FAKE,negative
28,2024-10-23T12:15:35.975316,2024-10-23T12:15:36.043337,0.068021,Obama was a US president,REAL,postive
28,2024-10-23T12:15:36.043440,2024-10-23T12:15:36.111584,0.068144,The Olympic Games are held every 4 years,REAL,positive
29,2024-10-23T12:15:36.111662,2024-10-23T12:15:36.180443,0.068781,Donald Trump won the election,REAL,negative
29,2024-10-23T12:15:36.180503,2024-10-23T12:15:36.250628,0.070125,World War III is coming,FAKE,negative
29,2024-10-23T12:15:36.250708,2024-10-23T12:15:36.327667,0.076959,Obama was a US president,REAL,postive
29,2024-10-23T12:15:36.327732,2024-10-23T12:15:36.395650,0.067918,The Olympic Games are held every 4 years,REAL,positive
30,2024-10-23T12:15:36.395714,2024-10-23T12:15:36.463711,0.067997,Donald Trump won the election,REAL,negative
30,2024-10-23T12:15:36.463771,2024-10-23T12:15:36.531881,0.06811,World War III is coming,FAKE,negative
30,2024-10-23T12:15:36.531943,2024-10-23T12:15:36.612196,0.080253,Obama was a US president,REAL,postive
30,2024-10-23T12:15:36.612263,2024-10-23T12:15:36.682041,0.069778,The Olympic Games are held every 4 years,REAL,positive
31,2024-10-23T12:15:36.682105,2024-10-23T12:15:36.751110,0.069005,Donald Trump won the election,REAL,negative
31,2024-10-23T12:15:36.751171,2024-10-23T12:15:36.829168,0.077997,World War III is coming,FAKE,negative
31,2024-10-23T12:15:36.829237,2024-10-23T12:15:36.897279,0.068042,Obama was a US president,REAL,postive
31,2024-10-23T12:15:36.897338,2024-10-23T12:15:36.965274,0.067936,The Olympic Games are held every 4 years,REAL,positive
32,2024-10-23T12:15:36.965338,2024-10-23T12:15:37.042326,0.076988,Donald Trump won the election,REAL,negative
32,2024-10-23T12:15:37.042388,2024-10-23T12:15:37.110393,0.068005,World War III is coming,FAKE,negative
32,2024-10-23T12:15:37.110455,2024-10-23T12:15:37.196516,0.086061,Obama was a US president,REAL,postive
32,2024-10-23T12:15:37.196574,2024-10-23T12:15:37.269583,0.073009,The Olympic Games are held every 4 years,REAL,positive
33,2024-10-23T12:15:37.269648,2024-10-23T12:15:37.336651,0.067003,Donald Trump won the election,REAL,negative
33,2024-10-23T12:15:37.336711,2024-10-23T12:15:37.402760,0.066049,World War III is coming,FAKE,negative
33,2024-10-23T12:15:37.402826,2024-10-23T12:15:37.471832,0.069006,Obama was a US president,REAL,postive
33,2024-10-23T12:15:37.471897,2024-10-23T12:15:37.545821,0.073924,The Olympic Games are held every 4 years,REAL,positive
34,2024-10-23T12:15:37.545879,2024-10-23T12:15:37.641049,0.09517,Donald Trump won the election,REAL,negative
34,2024-10-23T12:15:37.641123,2024-10-23T12:15:37.743088,0.101965,World War III is coming,FAKE,negative
34,2024-10-23T12:15:37.743150,2024-10-23T12:15:37.816211,0.073061,Obama was a US president,REAL,postive
34,2024-10-23T12:15:37.816277,2024-10-23T12:15:37.884244,0.067967,The Olympic Games are held every 4 years,REAL,positive
35,2024-10-23T12:15:37.884309,2024-10-23T12:15:37.962273,0.077964,Donald Trump won the election,REAL,negative
35,2024-10-23T12:15:37.962336,2024-10-23T12:15:38.028371,0.066035,World War III is coming,FAKE,negative
35,2024-10-23T12:15:38.028434,2024-10-23T12:15:38.106535,0.078101,Obama was a US president,REAL,postive
35,2024-10-23T12:15:38.106601,2024-10-23T12:15:38.176510,0.069909,The Olympic Games are held every 4 years,REAL,positive
36,2024-10-23T12:15:38.176573,2024-10-23T12:15:38.255681,0.079108,Donald Trump won the election,REAL,negative
36,2024-10-23T12:15:38.255754,2024-10-23T12:15:38.324615,0.068861,World War III is coming,FAKE,negative
36,2024-10-23T12:15:38.324672,2024-10-23T12:15:38.392744,0.068072,Obama was a US president,REAL,postive
36,2024-10-23T12:15:38.392804,2024-10-23T12:15:38.458834,0.06603,The Olympic Games are held every 4 years,REAL,positive
37,2024-10-23T12:15:38.458971,2024-10-23T12:15:38.524807,0.065836,Donald Trump won the election,REAL,negative
37,2024-10-23T12:15:38.524872,2024-10-23T12:15:38.614941,0.090069,World War III is coming,FAKE,negative
37,2024-10-23T12:15:38.614997,2024-10-23T12:15:38.687963,0.072966,Obama was a US president,REAL,postive
37,2024-10-23T12:15:38.688020,2024-10-23T12:15:38.759269,0.071249,The Olympic Games are held every 4 years,REAL,positive
38,2024-10-23T12:15:38.759334,2024-10-23T12:15:38.840248,0.080914,Donald Trump won the election,REAL,negative
38,2024-10-23T12:15:38.840307,2024-10-23T12:15:38.908235,0.067928,World War III is coming,FAKE,negative
38,2024-10-23T12:15:38.908302,2024-10-23T12:15:38.977411,0.069109,Obama was a US president,REAL,postive
38,2024-10-23T12:15:38.977474,2024-10-23T12:15:39.046469,0.068995,The Olympic Games are held every 4 years,REAL,positive
39,2024-10-23T12:15:39.046536,2024-10-23T12:15:39.121499,0.074963,Donald Trump won the election,REAL,negative
39,2024-10-23T12:15:39.121558,2024-10-23T12:15:39.194518,0.07296,World War III is coming,FAKE,negative
39,2024-10-23T12:15:39.194577,2024-10-23T12:15:39.280771,0.086194,Obama was a US president,REAL,postive
39,2024-10-23T12:15:39.280835,2024-10-23T12:15:39.349689,0.068854,The Olympic Games are held every 4 years,REAL,positive
40,2024-10-23T12:15:39.349749,2024-10-23T12:15:39.416877,0.067128,Donald Trump won the election,REAL,negative
40,2024-10-23T12:15:39.416938,2024-10-23T12:15:39.485819,0.068881,World War III is coming,FAKE,negative
40,2024-10-23T12:15:39.485878,2024-10-23T12:15:39.554981,0.069103,Obama was a US president,REAL,postive
40,2024-10-23T12:15:39.555045,2024-10-23T12:15:39.628098,0.073053,The Olympic Games are held every 4 years,REAL,positive
41,2024-10-23T12:15:39.628160,2024-10-23T12:15:39.696473,0.068313,Donald Trump won the election,REAL,negative
41,2024-10-23T12:15:39.696534,2024-10-23T12:15:39.767397,0.070863,World War III is coming,FAKE,negative
41,2024-10-23T12:15:39.767515,2024-10-23T12:15:39.832462,0.064947,Obama was a US president,REAL,postive
41,2024-10-23T12:15:39.832531,2024-10-23T12:15:39.900317,0.067786,The Olympic Games are held every 4 years,REAL,positive
42,2024-10-23T12:15:39.900382,2024-10-23T12:15:39.966408,0.066026,Donald Trump won the election,REAL,negative
42,2024-10-23T12:15:39.966477,2024-10-23T12:15:40.032486,0.066009,World War III is coming,FAKE,negative
42,2024-10-23T12:15:40.032555,2024-10-23T12:15:40.099532,0.066977,Obama was a US president,REAL,postive
42,2024-10-23T12:15:40.099601,2024-10-23T12:15:40.177660,0.078059,The Olympic Games are held every 4 years,REAL,positive
43,2024-10-23T12:15:40.177733,2024-10-23T12:15:40.247221,0.069488,Donald Trump won the election,REAL,negative
43,2024-10-23T12:15:40.247422,2024-10-23T12:15:40.320945,0.073523,World War III is coming,FAKE,negative
43,2024-10-23T12:15:40.321020,2024-10-23T12:15:40.389942,0.068922,Obama was a US president,REAL,postive
43,2024-10-23T12:15:40.390015,2024-10-23T12:15:40.463941,0.073926,The Olympic Games are held every 4 years,REAL,positive
44,2024-10-23T12:15:40.464017,2024-10-23T12:15:40.535973,0.071956,Donald Trump won the election,REAL,negative
44,2024-10-23T12:15:40.536040,2024-10-23T12:15:40.604920,0.06888,World War III is coming,FAKE,negative
44,2024-10-23T12:15:40.604977,2024-10-23T12:15:40.676077,0.0711,Obama was a US president,REAL,postive
44,2024-10-23T12:15:40.676156,2024-10-23T12:15:40.752126,0.07597,The Olympic Games are held every 4 years,REAL,positive
45,2024-10-23T12:15:40.752185,2024-10-23T12:15:40.832276,0.080091,Donald Trump won the election,REAL,negative
45,2024-10-23T12:15:40.832334,2024-10-23T12:15:40.902329,0.069995,World War III is coming,FAKE,negative
45,2024-10-23T12:15:40.902388,2024-10-23T12:15:40.975683,0.073295,Obama was a US president,REAL,postive
45,2024-10-23T12:15:40.975782,2024-10-23T12:15:41.069477,0.093695,The Olympic Games are held every 4 years,REAL,positive
46,2024-10-23T12:15:41.069541,2024-10-23T12:15:41.142522,0.072981,Donald Trump won the election,REAL,negative
46,2024-10-23T12:15:41.142581,2024-10-23T12:15:41.214673,0.072092,World War III is coming,FAKE,negative
46,2024-10-23T12:15:41.214730,2024-10-23T12:15:41.286758,0.072028,Obama was a US president,REAL,postive
46,2024-10-23T12:15:41.286839,2024-10-23T12:15:41.405917,0.119078,The Olympic Games are held every 4 years,REAL,positive
47,2024-10-23T12:15:41.405982,2024-10-23T12:15:41.476852,0.07087,Donald Trump won the election,REAL,negative
47,2024-10-23T12:15:41.476914,2024-10-23T12:15:41.549987,0.073073,World War III is coming,FAKE,negative
47,2024-10-23T12:15:41.550047,2024-10-23T12:15:42.673241,1.123194,Obama was a US president,REAL,postive
47,2024-10-23T12:15:42.673308,2024-10-23T12:15:42.801256,0.127948,The Olympic Games are held every 4 years,REAL,positive
48,2024-10-23T12:15:42.801314,2024-10-23T12:15:42.903377,0.102063,Donald Trump won the election,REAL,negative
48,2024-10-23T12:15:42.903442,2024-10-23T12:15:43.020565,0.117123,World War III is coming,FAKE,negative
48,2024-10-23T12:15:43.020624,2024-10-23T12:15:43.087634,0.06701,Obama was a US president,REAL,postive
48,2024-10-23T12:15:43.087691,2024-10-23T12:15:43.155658,0.067967,The Olympic Games are held every 4 years,REAL,positive
49,2024-10-23T12:15:43.155722,2024-10-23T12:15:43.225726,0.070004,Donald Trump won the election,REAL,negative
49,2024-10-23T12:15:43.225783,2024-10-23T12:15:43.298768,0.072985,World War III is coming,FAKE,negative
49,2024-10-23T12:15:43.298833,2024-10-23T12:15:43.368849,0.070016,Obama was a US president,REAL,postive
49,2024-10-23T12:15:43.368909,2024-10-23T12:15:43.460933,0.092024,The Olympic Games are held every 4 years,REAL,positive
50,2024-10-23T12:15:43.460995,2024-10-23T12:15:43.562099,0.101104,Donald Trump won the election,REAL,negative
50,2024-10-23T12:15:43.562156,2024-10-23T12:15:43.639191,0.077035,World War III is coming,FAKE,negative
50,2024-10-23T12:15:43.639254,2024-10-23T12:15:43.711241,0.071987,Obama was a US president,REAL,postive
50,2024-10-23T12:15:43.711305,2024-10-23T12:15:43.780338,0.069033,The Olympic Games are held every 4 years,REAL,positive
51,2024-10-23T12:15:43.780416,2024-10-23T12:15:43.849429,0.069013,Donald Trump won the election,REAL,negative
51,2024-10-23T12:15:43.849486,2024-10-23T12:15:43.924633,0.075147,World War III is coming,FAKE,negative
51,2024-10-23T12:15:43.924738,2024-10-23T12:15:43.994555,0.069817,Obama was a US president,REAL,postive
51,2024-10-23T12:15:43.994616,2024-10-23T12:15:44.062597,0.067981,The Olympic Games are held every 4 years,REAL,positive
52,2024-10-23T12:15:44.062663,2024-10-23T12:15:44.136685,0.074022,Donald Trump won the election,REAL,negative
52,2024-10-23T12:15:44.136747,2024-10-23T12:15:44.214730,0.077983,World War III is coming,FAKE,negative
52,2024-10-23T12:15:44.214776,2024-10-23T12:15:44.286854,0.072078,Obama was a US president,REAL,postive
52,2024-10-23T12:15:44.286917,2024-10-23T12:15:44.353864,0.066947,The Olympic Games are held every 4 years,REAL,positive
53,2024-10-23T12:15:44.353964,2024-10-23T12:15:44.424906,0.070942,Donald Trump won the election,REAL,negative
53,2024-10-23T12:15:44.424973,2024-10-23T12:15:44.499091,0.074118,World War III is coming,FAKE,negative
53,2024-10-23T12:15:44.499148,2024-10-23T12:15:44.566306,0.067158,Obama was a US president,REAL,postive
53,2024-10-23T12:15:44.566365,2024-10-23T12:15:44.641302,0.074937,The Olympic Games are held every 4 years,REAL,positive
54,2024-10-23T12:15:44.641380,2024-10-23T12:15:44.710201,0.068821,Donald Trump won the election,REAL,negative
54,2024-10-23T12:15:44.710273,2024-10-23T12:15:44.781012,0.070739,World War III is coming,FAKE,negative
54,2024-10-23T12:15:44.781077,2024-10-23T12:15:44.847427,0.06635,Obama was a US president,REAL,postive
54,2024-10-23T12:15:44.847494,2024-10-23T12:15:44.915550,0.068056,The Olympic Games are held every 4 years,REAL,positive
55,2024-10-23T12:15:44.915795,2024-10-23T12:15:44.985685,0.06989,Donald Trump won the election,REAL,negative
55,2024-10-23T12:15:44.985790,2024-10-23T12:15:45.069572,0.083782,World War III is coming,FAKE,negative
55,2024-10-23T12:15:45.069635,2024-10-23T12:15:45.136786,0.067151,Obama was a US president,REAL,postive
55,2024-10-23T12:15:45.136845,2024-10-23T12:15:45.216866,0.080021,The Olympic Games are held every 4 years,REAL,positive
56,2024-10-23T12:15:45.216924,2024-10-23T12:15:45.292935,0.076011,Donald Trump won the election,REAL,negative
56,2024-10-23T12:15:45.293008,2024-10-23T12:15:45.363893,0.070885,World War III is coming,FAKE,negative
56,2024-10-23T12:15:45.363953,2024-10-23T12:15:45.436013,0.07206,Obama was a US president,REAL,postive
56,2024-10-23T12:15:45.436075,2024-10-23T12:15:45.505075,0.069,The Olympic Games are held every 4 years,REAL,positive
57,2024-10-23T12:15:45.505135,2024-10-23T12:15:45.595142,0.090007,Donald Trump won the election,REAL,negative
57,2024-10-23T12:15:45.595203,2024-10-23T12:15:45.663207,0.068004,World War III is coming,FAKE,negative
57,2024-10-23T12:15:45.663270,2024-10-23T12:15:45.734284,0.071014,Obama was a US president,REAL,postive
57,2024-10-23T12:15:45.734343,2024-10-23T12:15:45.818475,0.084132,The Olympic Games are held every 4 years,REAL,positive
58,2024-10-23T12:15:45.818553,2024-10-23T12:15:45.890476,0.071923,Donald Trump won the election,REAL,negative
58,2024-10-23T12:15:45.890544,2024-10-23T12:15:45.959539,0.068995,World War III is coming,FAKE,negative
58,2024-10-23T12:15:45.959600,2024-10-23T12:15:46.023527,0.063927,Obama was a US president,REAL,postive
58,2024-10-23T12:15:46.023585,2024-10-23T12:15:46.103869,0.080284,The Olympic Games are held every 4 years,REAL,positive
59,2024-10-23T12:15:46.104139,2024-10-23T12:15:46.186881,0.082742,Donald Trump won the election,REAL,negative
59,2024-10-23T12:15:46.186963,2024-10-23T12:15:46.260864,0.073901,World War III is coming,FAKE,negative
59,2024-10-23T12:15:46.260926,2024-10-23T12:15:46.334913,0.073987,Obama was a US president,REAL,postive
59,2024-10-23T12:15:46.334976,2024-10-23T12:15:46.418017,0.083041,The Olympic Games are held every 4 years,REAL,positive
60,2024-10-23T12:15:46.418081,2024-10-23T12:15:46.490142,0.072061,Donald Trump won the election,REAL,negative
60,2024-10-23T12:15:46.490203,2024-10-23T12:15:46.565192,0.074989,World War III is coming,FAKE,negative
60,2024-10-23T12:15:46.565256,2024-10-23T12:15:46.643188,0.077932,Obama was a US president,REAL,postive
60,2024-10-23T12:15:46.643247,2024-10-23T12:15:46.733339,0.090092,The Olympic Games are held every 4 years,REAL,positive
61,2024-10-23T12:15:46.733399,2024-10-23T12:15:46.814377,0.080978,Donald Trump won the election,REAL,negative
61,2024-10-23T12:15:46.814436,2024-10-23T12:15:46.892465,0.078029,World War III is coming,FAKE,negative
61,2024-10-23T12:15:46.892526,2024-10-23T12:15:46.964601,0.072075,Obama was a US president,REAL,postive
61,2024-10-23T12:15:46.964663,2024-10-23T12:15:47.051659,0.086996,The Olympic Games are held every 4 years,REAL,positive
62,2024-10-23T12:15:47.051724,2024-10-23T12:15:47.118810,0.067086,Donald Trump won the election,REAL,negative
62,2024-10-23T12:15:47.118886,2024-10-23T12:15:47.188759,0.069873,World War III is coming,FAKE,negative
62,2024-10-23T12:15:47.188856,2024-10-23T12:15:47.260908,0.072052,Obama was a US president,REAL,postive
62,2024-10-23T12:15:47.260970,2024-10-23T12:15:47.330019,0.069049,The Olympic Games are held every 4 years,REAL,positive
63,2024-10-23T12:15:47.330098,2024-10-23T12:15:47.397053,0.066955,Donald Trump won the election,REAL,negative
63,2024-10-23T12:15:47.397114,2024-10-23T12:15:47.468042,0.070928,World War III is coming,FAKE,negative
63,2024-10-23T12:15:47.468102,2024-10-23T12:15:47.536368,0.068266,Obama was a US president,REAL,postive
63,2024-10-23T12:15:47.536428,2024-10-23T12:15:47.612205,0.075777,The Olympic Games are held every 4 years,REAL,positive
64,2024-10-23T12:15:47.612262,2024-10-23T12:15:47.683320,0.071058,Donald Trump won the election,REAL,negative
64,2024-10-23T12:15:47.683383,2024-10-23T12:15:47.750534,0.067151,World War III is coming,FAKE,negative
64,2024-10-23T12:15:47.750596,2024-10-23T12:15:47.822484,0.071888,Obama was a US president,REAL,postive
64,2024-10-23T12:15:47.822544,2024-10-23T12:15:47.893458,0.070914,The Olympic Games are held every 4 years,REAL,positive
65,2024-10-23T12:15:47.893516,2024-10-23T12:15:47.961734,0.068218,Donald Trump won the election,REAL,negative
65,2024-10-23T12:15:47.961803,2024-10-23T12:15:48.027667,0.065864,World War III is coming,FAKE,negative
65,2024-10-23T12:15:48.027728,2024-10-23T12:15:48.096734,0.069006,Obama was a US president,REAL,postive
65,2024-10-23T12:15:48.096809,2024-10-23T12:15:48.169952,0.073143,The Olympic Games are held every 4 years,REAL,positive
66,2024-10-23T12:15:48.170020,2024-10-23T12:15:48.240990,0.07097,Donald Trump won the election,REAL,negative
66,2024-10-23T12:15:48.241053,2024-10-23T12:15:48.316996,0.075943,World War III is coming,FAKE,negative
66,2024-10-23T12:15:48.317061,2024-10-23T12:15:48.401067,0.084006,Obama was a US president,REAL,postive
66,2024-10-23T12:15:48.401123,2024-10-23T12:15:48.470180,0.069057,The Olympic Games are held every 4 years,REAL,positive
67,2024-10-23T12:15:48.470243,2024-10-23T12:15:48.540254,0.070011,Donald Trump won the election,REAL,negative
67,2024-10-23T12:15:48.540317,2024-10-23T12:15:48.616327,0.07601,World War III is coming,FAKE,negative
67,2024-10-23T12:15:48.616398,2024-10-23T12:15:48.689361,0.072963,Obama was a US president,REAL,postive
67,2024-10-23T12:15:48.689438,2024-10-23T12:15:48.757373,0.067935,The Olympic Games are held every 4 years,REAL,positive
68,2024-10-23T12:15:48.757432,2024-10-23T12:15:48.835474,0.078042,Donald Trump won the election,REAL,negative
68,2024-10-23T12:15:48.835533,2024-10-23T12:15:48.903533,0.068,World War III is coming,FAKE,negative
68,2024-10-23T12:15:48.903594,2024-10-23T12:15:49.012721,0.109127,Obama was a US president,REAL,postive
68,2024-10-23T12:15:49.012785,2024-10-23T12:15:49.088816,0.076031,The Olympic Games are held every 4 years,REAL,positive
69,2024-10-23T12:15:49.088894,2024-10-23T12:15:49.195864,0.10697,Donald Trump won the election,REAL,negative
69,2024-10-23T12:15:49.195923,2024-10-23T12:15:49.264881,0.068958,World War III is coming,FAKE,negative
69,2024-10-23T12:15:49.264947,2024-10-23T12:15:49.346022,0.081075,Obama was a US president,REAL,postive
69,2024-10-23T12:15:49.346083,2024-10-23T12:15:49.438175,0.092092,The Olympic Games are held every 4 years,REAL,positive
70,2024-10-23T12:15:49.438238,2024-10-23T12:15:49.510273,0.072035,Donald Trump won the election,REAL,negative
70,2024-10-23T12:15:49.510331,2024-10-23T12:15:49.585318,0.074987,World War III is coming,FAKE,negative
70,2024-10-23T12:15:49.585376,2024-10-23T12:15:49.658336,0.07296,Obama was a US president,REAL,postive
70,2024-10-23T12:15:49.658398,2024-10-23T12:15:49.729452,0.071054,The Olympic Games are held every 4 years,REAL,positive
71,2024-10-23T12:15:49.729516,2024-10-23T12:15:49.800584,0.071068,Donald Trump won the election,REAL,negative
71,2024-10-23T12:15:49.800658,2024-10-23T12:15:49.869586,0.068928,World War III is coming,FAKE,negative
71,2024-10-23T12:15:49.869662,2024-10-23T12:15:49.944622,0.07496,Obama was a US president,REAL,postive
71,2024-10-23T12:15:49.944689,2024-10-23T12:15:50.029749,0.08506,The Olympic Games are held every 4 years,REAL,positive
72,2024-10-23T12:15:50.029811,2024-10-23T12:15:51.120851,1.09104,Donald Trump won the election,REAL,negative
72,2024-10-23T12:15:51.120915,2024-10-23T12:15:51.195025,0.07411,World War III is coming,FAKE,negative
72,2024-10-23T12:15:51.195102,2024-10-23T12:15:51.265056,0.069954,Obama was a US president,REAL,postive
72,2024-10-23T12:15:51.265123,2024-10-23T12:15:51.375176,0.110053,The Olympic Games are held every 4 years,REAL,positive
73,2024-10-23T12:15:51.375238,2024-10-23T12:15:51.448146,0.072908,Donald Trump won the election,REAL,negative
73,2024-10-23T12:15:51.448216,2024-10-23T12:15:51.516267,0.068051,World War III is coming,FAKE,negative
73,2024-10-23T12:15:51.516331,2024-10-23T12:15:51.586397,0.070066,Obama was a US president,REAL,postive
73,2024-10-23T12:15:51.586503,2024-10-23T12:15:51.656367,0.069864,The Olympic Games are held every 4 years,REAL,positive
74,2024-10-23T12:15:51.656426,2024-10-23T12:15:51.725452,0.069026,Donald Trump won the election,REAL,negative
74,2024-10-23T12:15:51.725528,2024-10-23T12:15:51.796526,0.070998,World War III is coming,FAKE,negative
74,2024-10-23T12:15:51.796588,2024-10-23T12:15:51.867604,0.071016,Obama was a US president,REAL,postive
74,2024-10-23T12:15:51.867673,2024-10-23T12:15:51.937798,0.070125,The Olympic Games are held every 4 years,REAL,positive
75,2024-10-23T12:15:51.937875,2024-10-23T12:15:52.028887,0.091012,Donald Trump won the election,REAL,negative
75,2024-10-23T12:15:52.028967,2024-10-23T12:15:52.132922,0.103955,World War III is coming,FAKE,negative
75,2024-10-23T12:15:52.132987,2024-10-23T12:15:52.231004,0.098017,Obama was a US president,REAL,postive
75,2024-10-23T12:15:52.231066,2024-10-23T12:15:52.299064,0.067998,The Olympic Games are held every 4 years,REAL,positive
76,2024-10-23T12:15:52.299138,2024-10-23T12:15:52.369165,0.070027,Donald Trump won the election,REAL,negative
76,2024-10-23T12:15:52.369222,2024-10-23T12:15:52.441244,0.072022,World War III is coming,FAKE,negative
76,2024-10-23T12:15:52.441303,2024-10-23T12:15:52.509291,0.067988,Obama was a US president,REAL,postive
76,2024-10-23T12:15:52.509352,2024-10-23T12:15:52.615369,0.106017,The Olympic Games are held every 4 years,REAL,positive
77,2024-10-23T12:15:52.615430,2024-10-23T12:15:52.703581,0.088151,Donald Trump won the election,REAL,negative
77,2024-10-23T12:15:52.703664,2024-10-23T12:15:52.778707,0.075043,World War III is coming,FAKE,negative
77,2024-10-23T12:15:52.778774,2024-10-23T12:15:52.867732,0.088958,Obama was a US president,REAL,postive
77,2024-10-23T12:15:52.867793,2024-10-23T12:15:52.948801,0.081008,The Olympic Games are held every 4 years,REAL,positive
78,2024-10-23T12:15:52.948865,2024-10-23T12:15:53.019445,0.07058,Donald Trump won the election,REAL,negative
78,2024-10-23T12:15:53.019535,2024-10-23T12:15:53.092945,0.07341,World War III is coming,FAKE,negative
78,2024-10-23T12:15:53.093009,2024-10-23T12:15:53.161985,0.068976,Obama was a US president,REAL,postive
78,2024-10-23T12:15:53.162062,2024-10-23T12:15:53.231161,0.069099,The Olympic Games are held every 4 years,REAL,positive
79,2024-10-23T12:15:53.231395,2024-10-23T12:15:53.304063,0.072668,Donald Trump won the election,REAL,negative
79,2024-10-23T12:15:53.304124,2024-10-23T12:15:53.403201,0.099077,World War III is coming,FAKE,negative
79,2024-10-23T12:15:53.403262,2024-10-23T12:15:53.472238,0.068976,Obama was a US president,REAL,postive
79,2024-10-23T12:15:53.472304,2024-10-23T12:15:53.542272,0.069968,The Olympic Games are held every 4 years,REAL,positive
80,2024-10-23T12:15:53.542331,2024-10-23T12:15:53.614494,0.072163,Donald Trump won the election,REAL,negative
80,2024-10-23T12:15:53.614557,2024-10-23T12:15:53.690246,0.075689,World War III is coming,FAKE,negative
80,2024-10-23T12:15:53.690310,2024-10-23T12:15:53.760624,0.070314,Obama was a US president,REAL,postive
80,2024-10-23T12:15:53.760686,2024-10-23T12:15:53.832608,0.071922,The Olympic Games are held every 4 years,REAL,positive
81,2024-10-23T12:15:53.832667,2024-10-23T12:15:53.899771,0.067104,Donald Trump won the election,REAL,negative
81,2024-10-23T12:15:53.899847,2024-10-23T12:15:53.966800,0.066953,World War III is coming,FAKE,negative
81,2024-10-23T12:15:53.966872,2024-10-23T12:15:54.036890,0.070018,Obama was a US president,REAL,postive
81,2024-10-23T12:15:54.036968,2024-10-23T12:15:54.103852,0.066884,The Olympic Games are held every 4 years,REAL,positive
82,2024-10-23T12:15:54.103910,2024-10-23T12:15:54.174940,0.07103,Donald Trump won the election,REAL,negative
82,2024-10-23T12:15:54.175000,2024-10-23T12:15:54.242164,0.067164,World War III is coming,FAKE,negative
82,2024-10-23T12:15:54.242244,2024-10-23T12:15:54.313104,0.07086,Obama was a US president,REAL,postive
82,2024-10-23T12:15:54.313167,2024-10-23T12:15:54.395186,0.082019,The Olympic Games are held every 4 years,REAL,positive
83,2024-10-23T12:15:54.395246,2024-10-23T12:15:54.482273,0.087027,Donald Trump won the election,REAL,negative
83,2024-10-23T12:15:54.482339,2024-10-23T12:15:54.553385,0.071046,World War III is coming,FAKE,negative
83,2024-10-23T12:15:54.553447,2024-10-23T12:15:54.633443,0.079996,Obama was a US president,REAL,postive
83,2024-10-23T12:15:54.633500,2024-10-23T12:15:54.704466,0.070966,The Olympic Games are held every 4 years,REAL,positive
84,2024-10-23T12:15:54.704531,2024-10-23T12:15:54.778616,0.074085,Donald Trump won the election,REAL,negative
84,2024-10-23T12:15:54.778676,2024-10-23T12:15:54.851834,0.073158,World War III is coming,FAKE,negative
84,2024-10-23T12:15:54.851936,2024-10-23T12:15:54.933861,0.081925,Obama was a US president,REAL,postive
84,2024-10-23T12:15:54.933925,2024-10-23T12:15:55.006908,0.072983,The Olympic Games are held every 4 years,REAL,positive
85,2024-10-23T12:15:55.006981,2024-10-23T12:15:55.080991,0.07401,Donald Trump won the election,REAL,negative
85,2024-10-23T12:15:55.081064,2024-10-23T12:15:55.174985,0.093921,World War III is coming,FAKE,negative
85,2024-10-23T12:15:55.175045,2024-10-23T12:15:55.278123,0.103078,Obama was a US president,REAL,postive
85,2024-10-23T12:15:55.278186,2024-10-23T12:15:55.378196,0.10001,The Olympic Games are held every 4 years,REAL,positive
86,2024-10-23T12:15:55.378258,2024-10-23T12:15:55.464362,0.086104,Donald Trump won the election,REAL,negative
86,2024-10-23T12:15:55.464422,2024-10-23T12:15:55.566483,0.102061,World War III is coming,FAKE,negative
86,2024-10-23T12:15:55.566540,2024-10-23T12:15:55.633445,0.066905,Obama was a US president,REAL,postive
86,2024-10-23T12:15:55.633527,2024-10-23T12:15:55.702489,0.068962,The Olympic Games are held every 4 years,REAL,positive
87,2024-10-23T12:15:55.702549,2024-10-23T12:15:55.770729,0.06818,Donald Trump won the election,REAL,negative
87,2024-10-23T12:15:55.770790,2024-10-23T12:15:55.837769,0.066979,World War III is coming,FAKE,negative
87,2024-10-23T12:15:55.837833,2024-10-23T12:15:55.928812,0.090979,Obama was a US president,REAL,postive
87,2024-10-23T12:15:55.928885,2024-10-23T12:15:55.996837,0.067952,The Olympic Games are held every 4 years,REAL,positive
88,2024-10-23T12:15:55.996903,2024-10-23T12:15:56.068996,0.072093,Donald Trump won the election,REAL,negative
88,2024-10-23T12:15:56.069066,2024-10-23T12:15:56.140022,0.070956,World War III is coming,FAKE,negative
88,2024-10-23T12:15:56.140093,2024-10-23T12:15:56.220930,0.080837,Obama was a US president,REAL,postive
88,2024-10-23T12:15:56.220995,2024-10-23T12:15:56.309184,0.088189,The Olympic Games are held every 4 years,REAL,positive
89,2024-10-23T12:15:56.309244,2024-10-23T12:15:56.384288,0.075044,Donald Trump won the election,REAL,negative
89,2024-10-23T12:15:56.384354,2024-10-23T12:15:56.455364,0.07101,World War III is coming,FAKE,negative
89,2024-10-23T12:15:56.455427,2024-10-23T12:15:56.526459,0.071032,Obama was a US president,REAL,postive
89,2024-10-23T12:15:56.526518,2024-10-23T12:15:56.592511,0.065993,The Olympic Games are held every 4 years,REAL,positive
90,2024-10-23T12:15:56.592575,2024-10-23T12:15:56.659831,0.067256,Donald Trump won the election,REAL,negative
90,2024-10-23T12:15:56.659908,2024-10-23T12:15:56.729582,0.069674,World War III is coming,FAKE,negative
90,2024-10-23T12:15:56.729644,2024-10-23T12:15:56.797652,0.068008,Obama was a US president,REAL,postive
90,2024-10-23T12:15:56.797714,2024-10-23T12:15:56.866782,0.069068,The Olympic Games are held every 4 years,REAL,positive
91,2024-10-23T12:15:56.866848,2024-10-23T12:15:56.934786,0.067938,Donald Trump won the election,REAL,negative
91,2024-10-23T12:15:56.934847,2024-10-23T12:15:57.002849,0.068002,World War III is coming,FAKE,negative
91,2024-10-23T12:15:57.002910,2024-10-23T12:15:57.071962,0.069052,Obama was a US president,REAL,postive
91,2024-10-23T12:15:57.072024,2024-10-23T12:15:57.139126,0.067102,The Olympic Games are held every 4 years,REAL,positive
92,2024-10-23T12:15:57.139268,2024-10-23T12:15:57.216218,0.07695,Donald Trump won the election,REAL,negative
92,2024-10-23T12:15:57.216291,2024-10-23T12:15:57.299302,0.083011,World War III is coming,FAKE,negative
92,2024-10-23T12:15:57.299375,2024-10-23T12:15:57.377345,0.07797,Obama was a US president,REAL,postive
92,2024-10-23T12:15:57.377409,2024-10-23T12:15:57.476462,0.099053,The Olympic Games are held every 4 years,REAL,positive
93,2024-10-23T12:15:57.476531,2024-10-23T12:15:57.547515,0.070984,Donald Trump won the election,REAL,negative
93,2024-10-23T12:15:57.547581,2024-10-23T12:15:57.625576,0.077995,World War III is coming,FAKE,negative
93,2024-10-23T12:15:57.625634,2024-10-23T12:15:57.697576,0.071942,Obama was a US president,REAL,postive
93,2024-10-23T12:15:57.697633,2024-10-23T12:15:57.768708,0.071075,The Olympic Games are held every 4 years,REAL,positive
94,2024-10-23T12:15:57.768768,2024-10-23T12:15:57.837742,0.068974,Donald Trump won the election,REAL,negative
94,2024-10-23T12:15:57.837803,2024-10-23T12:15:57.908874,0.071071,World War III is coming,FAKE,negative
94,2024-10-23T12:15:57.908932,2024-10-23T12:15:57.991066,0.082134,Obama was a US president,REAL,postive
94,2024-10-23T12:15:57.991124,2024-10-23T12:15:58.061065,0.069941,The Olympic Games are held every 4 years,REAL,positive
95,2024-10-23T12:15:58.061144,2024-10-23T12:15:58.133002,0.071858,Donald Trump won the election,REAL,negative
95,2024-10-23T12:15:58.133063,2024-10-23T12:15:58.209100,0.076037,World War III is coming,FAKE,negative
95,2024-10-23T12:15:58.209159,2024-10-23T12:15:58.301315,0.092156,Obama was a US president,REAL,postive
95,2024-10-23T12:15:58.301381,2024-10-23T12:15:58.373374,0.071993,The Olympic Games are held every 4 years,REAL,positive
96,2024-10-23T12:15:58.373440,2024-10-23T12:15:58.464502,0.091062,Donald Trump won the election,REAL,negative
96,2024-10-23T12:15:58.464570,2024-10-23T12:15:58.556625,0.092055,World War III is coming,FAKE,negative
96,2024-10-23T12:15:58.556684,2024-10-23T12:15:58.626606,0.069922,Obama was a US president,REAL,postive
96,2024-10-23T12:15:58.626667,2024-10-23T12:15:59.766801,1.140134,The Olympic Games are held every 4 years,REAL,positive
97,2024-10-23T12:15:59.766863,2024-10-23T12:15:59.865905,0.099042,Donald Trump won the election,REAL,negative
97,2024-10-23T12:15:59.865970,2024-10-23T12:15:59.945972,0.080002,World War III is coming,FAKE,negative
97,2024-10-23T12:15:59.946033,2024-10-23T12:16:00.049130,0.103097,Obama was a US president,REAL,postive
97,2024-10-23T12:16:00.049193,2024-10-23T12:16:00.122174,0.072981,The Olympic Games are held every 4 years,REAL,positive
98,2024-10-23T12:16:00.122325,2024-10-23T12:16:00.247254,0.124929,Donald Trump won the election,REAL,negative
98,2024-10-23T12:16:00.247315,2024-10-23T12:16:00.382538,0.135223,World War III is coming,FAKE,negative
98,2024-10-23T12:16:00.382619,2024-10-23T12:16:00.478538,0.095919,Obama was a US president,REAL,postive
98,2024-10-23T12:16:00.478605,2024-10-23T12:16:00.551662,0.073057,The Olympic Games are held every 4 years,REAL,positive
99,2024-10-23T12:16:00.551729,2024-10-23T12:16:00.624624,0.072895,Donald Trump won the election,REAL,negative
99,2024-10-23T12:16:00.624691,2024-10-23T12:16:00.698790,0.074099,World War III is coming,FAKE,negative
99,2024-10-23T12:16:00.698857,2024-10-23T12:16:00.778888,0.080031,Obama was a US president,REAL,postive
99,2024-10-23T12:16:00.778956,2024-10-23T12:16:00.846886,0.06793,The Olympic Games are held every 4 years,REAL,positive
